sample_idx,init_acc,final_acc,improvement,num_changes,total_token_edits,total_edit_steps,psi_escapes,psi_forward_events,psi_net_changes,psi_masks,psi_visible_random,psi_noise_t,converged,early_stopped
0,0.54296875,0.76953125,0.2265625,149,256,128,0,0,0,0,0,0.000896306504728379,0,0
1,0.568359375,0.787109375,0.21875,139,256,128,0,0,0,0,0,0.000896306504728379,0,0
2,0.61328125,0.8984375,0.28515625,147,256,128,0,0,0,0,0,0.000896306504728379,0,0
3,0.724609375,0.953125,0.228515625,119,256,128,0,0,0,0,0,0.000896306504728379,0,0
4,0.564453125,0.771484375,0.20703125,148,256,128,0,0,0,0,0,0.000896306504728379,0,0
5,0.689453125,0.900390625,0.2109375,136,256,128,0,0,0,0,0,0.000896306504728379,0,0
6,0.693359375,0.90625,0.212890625,121,256,128,0,0,0,0,0,0.000896306504728379,0,0
7,0.546875,0.80078125,0.25390625,149,256,128,0,0,0,0,0,0.000896306504728379,0,0
8,0.685546875,0.90234375,0.216796875,133,256,128,0,0,0,0,0,0.000896306504728379,0,0
9,0.595703125,0.861328125,0.265625,162,256,128,0,0,0,0,0,0.000896306504728379,0,0
10,0.62890625,0.876953125,0.248046875,143,256,128,0,0,0,0,0,0.000896306504728379,0,0
11,0.68359375,0.8984375,0.21484375,134,256,128,0,0,0,0,0,0.000896306504728379,0,0
12,0.634765625,0.87109375,0.236328125,150,256,128,0,0,0,0,0,0.000896306504728379,0,0
13,0.736328125,0.939453125,0.203125,134,256,128,0,0,0,0,0,0.000896306504728379,0,0
14,0.7890625,0.916015625,0.126953125,99,256,128,0,0,0,0,0,0.000896306504728379,0,0
15,0.75390625,0.94921875,0.1953125,127,256,128,0,0,0,0,0,0.000896306504728379,0,0
16,0.4765625,0.7890625,0.3125,168,256,128,0,0,0,0,0,0.000896306504728379,0,0
17,0.58203125,0.806640625,0.224609375,150,256,128,0,0,0,0,0,0.000896306504728379,0,0
18,0.837890625,0.984375,0.146484375,87,256,128,0,0,0,0,0,0.000896306504728379,0,0
19,0.646484375,0.892578125,0.24609375,149,256,128,0,0,0,0,0,0.000896306504728379,0,0
20,0.701171875,0.9140625,0.212890625,133,256,128,0,0,0,0,0,0.000896306504728379,0,0
21,0.583984375,0.83203125,0.248046875,155,256,128,0,0,0,0,0,0.000896306504728379,0,0
22,0.693359375,0.93359375,0.240234375,117,256,128,0,0,0,0,0,0.000896306504728379,0,0
23,0.69921875,0.94140625,0.2421875,142,256,128,0,0,0,0,0,0.000896306504728379,0,0
24,0.697265625,0.94921875,0.251953125,144,256,128,0,0,0,0,0,0.000896306504728379,0,0
25,0.583984375,0.80078125,0.216796875,125,256,128,0,0,0,0,0,0.000896306504728379,0,0
26,0.62109375,0.853515625,0.232421875,148,256,128,0,0,0,0,0,0.000896306504728379,0,0
27,0.58984375,0.826171875,0.236328125,147,256,128,0,0,0,0,0,0.000896306504728379,0,0
28,0.775390625,0.96875,0.193359375,104,256,128,0,0,0,0,0,0.000896306504728379,0,0
29,0.58984375,0.8515625,0.26171875,156,256,128,0,0,0,0,0,0.000896306504728379,0,0
30,0.595703125,0.83984375,0.244140625,149,256,128,0,0,0,0,0,0.000896306504728379,0,0
31,0.5625,0.84765625,0.28515625,146,256,128,0,0,0,0,0,0.000896306504728379,0,0
32,0.56640625,0.802734375,0.236328125,145,256,128,0,0,0,0,0,0.000896306504728379,0,0
33,0.75,0.962890625,0.212890625,118,256,128,0,0,0,0,0,0.000896306504728379,0,0
34,0.572265625,0.845703125,0.2734375,152,256,128,0,0,0,0,0,0.000896306504728379,0,0
35,0.603515625,0.861328125,0.2578125,138,256,128,0,0,0,0,0,0.000896306504728379,0,0
36,0.548828125,0.837890625,0.2890625,156,256,128,0,0,0,0,0,0.000896306504728379,0,0
37,0.779296875,0.953125,0.173828125,108,256,128,0,0,0,0,0,0.000896306504728379,0,0
38,0.693359375,0.865234375,0.171875,119,256,128,0,0,0,0,0,0.000896306504728379,0,0
39,0.630859375,0.8125,0.181640625,118,256,128,0,0,0,0,0,0.000896306504728379,0,0
40,0.767578125,0.94140625,0.173828125,102,256,128,0,0,0,0,0,0.000896306504728379,0,0
41,0.525390625,0.798828125,0.2734375,166,256,128,0,0,0,0,0,0.000896306504728379,0,0
42,0.548828125,0.796875,0.248046875,166,256,128,0,0,0,0,0,0.000896306504728379,0,0
43,0.548828125,0.798828125,0.25,155,256,128,0,0,0,0,0,0.000896306504728379,0,0
44,0.802734375,0.986328125,0.18359375,106,256,128,0,0,0,0,0,0.000896306504728379,0,0
45,0.578125,0.82421875,0.24609375,137,256,128,0,0,0,0,0,0.000896306504728379,0,0
46,0.583984375,0.822265625,0.23828125,140,256,128,0,0,0,0,0,0.000896306504728379,0,0
47,0.568359375,0.84765625,0.279296875,144,256,128,0,0,0,0,0,0.000896306504728379,0,0
48,0.578125,0.841796875,0.263671875,159,256,128,0,0,0,0,0,0.000896306504728379,0,0
49,0.740234375,0.94140625,0.201171875,104,256,128,0,0,0,0,0,0.000896306504728379,0,0
50,0.689453125,0.859375,0.169921875,127,256,128,0,0,0,0,0,0.000896306504728379,0,0
51,0.591796875,0.822265625,0.23046875,132,256,128,1,6,6,0,6,0.000896306504728379,0,0
52,0.783203125,0.94140625,0.158203125,100,256,128,0,0,0,0,0,0.000896306504728379,0,0
53,0.673828125,0.9296875,0.255859375,123,256,128,0,0,0,0,0,0.000896306504728379,0,0
54,0.65234375,0.865234375,0.212890625,133,256,128,0,0,0,0,0,0.000896306504728379,0,0
55,0.53515625,0.791015625,0.255859375,168,256,128,0,0,0,0,0,0.000896306504728379,0,0
56,0.654296875,0.87890625,0.224609375,139,256,128,0,0,0,0,0,0.000896306504728379,0,0
57,0.828125,0.982421875,0.154296875,103,256,128,0,0,0,0,0,0.000896306504728379,0,0
58,0.8046875,0.9765625,0.171875,108,256,128,0,0,0,0,0,0.000896306504728379,0,0
59,0.76171875,0.94140625,0.1796875,121,256,128,0,0,0,0,0,0.000896306504728379,0,0
60,0.666015625,0.943359375,0.27734375,145,256,128,0,0,0,0,0,0.000896306504728379,0,0
61,0.541015625,0.796875,0.255859375,151,256,128,0,0,0,0,0,0.000896306504728379,0,0
62,0.623046875,0.8671875,0.244140625,141,256,128,0,0,0,0,0,0.000896306504728379,0,0
63,0.556640625,0.82421875,0.267578125,152,256,128,0,0,0,0,0,0.000896306504728379,0,0
64,0.642578125,0.84765625,0.205078125,129,256,128,0,0,0,0,0,0.000896306504728379,0,0
65,0.63671875,0.828125,0.19140625,126,256,128,0,0,0,0,0,0.000896306504728379,0,0
66,0.6875,0.8984375,0.2109375,144,256,128,0,0,0,0,0,0.000896306504728379,0,0
67,0.72265625,0.900390625,0.177734375,120,256,128,0,0,0,0,0,0.000896306504728379,0,0
68,0.6640625,0.931640625,0.267578125,130,256,128,0,0,0,0,0,0.000896306504728379,0,0
69,0.857421875,0.984375,0.126953125,77,256,128,0,0,0,0,0,0.000896306504728379,0,0
70,0.666015625,0.900390625,0.234375,128,256,128,0,0,0,0,0,0.000896306504728379,0,0
71,0.576171875,0.826171875,0.25,149,256,128,0,0,0,0,0,0.000896306504728379,0,0
72,0.5859375,0.84765625,0.26171875,145,256,128,0,0,0,0,0,0.000896306504728379,0,0
73,0.66015625,0.93359375,0.2734375,139,256,128,0,0,0,0,0,0.000896306504728379,0,0
74,0.51171875,0.76171875,0.25,157,256,128,0,0,0,0,0,0.000896306504728379,0,0
75,0.595703125,0.849609375,0.25390625,144,256,128,0,0,0,0,0,0.000896306504728379,0,0
76,0.486328125,0.70703125,0.220703125,155,256,128,0,0,0,0,0,0.000896306504728379,0,0
77,0.650390625,0.880859375,0.23046875,135,256,128,0,0,0,0,0,0.000896306504728379,0,0
78,0.650390625,0.888671875,0.23828125,133,256,128,0,0,0,0,0,0.000896306504728379,0,0
79,0.73046875,0.884765625,0.154296875,114,256,128,0,0,0,0,0,0.000896306504728379,0,0
80,0.71484375,0.904296875,0.189453125,129,256,128,0,0,0,0,0,0.000896306504728379,0,0
81,0.671875,0.86328125,0.19140625,133,256,128,0,0,0,0,0,0.000896306504728379,0,0
82,0.7109375,0.931640625,0.220703125,120,256,128,0,0,0,0,0,0.000896306504728379,0,0
83,0.513671875,0.76171875,0.248046875,157,256,128,0,0,0,0,0,0.000896306504728379,0,0
84,0.619140625,0.8671875,0.248046875,152,256,128,0,0,0,0,0,0.000896306504728379,0,0
85,0.599609375,0.849609375,0.25,134,256,128,0,0,0,0,0,0.000896306504728379,0,0
86,0.734375,0.947265625,0.212890625,125,256,128,0,0,0,0,0,0.000896306504728379,0,0
87,0.580078125,0.841796875,0.26171875,158,256,128,0,0,0,0,0,0.000896306504728379,0,0
88,0.587890625,0.8359375,0.248046875,133,256,128,0,0,0,0,0,0.000896306504728379,0,0
89,0.76171875,0.970703125,0.208984375,107,256,128,0,0,0,0,0,0.000896306504728379,0,0
90,0.654296875,0.87109375,0.216796875,141,256,128,0,0,0,0,0,0.000896306504728379,0,0
91,0.80078125,0.962890625,0.162109375,106,256,128,0,0,0,0,0,0.000896306504728379,0,0
92,0.830078125,0.9765625,0.146484375,92,256,128,0,0,0,0,0,0.000896306504728379,0,0
93,0.595703125,0.76953125,0.173828125,132,256,128,0,0,0,0,0,0.000896306504728379,0,0
94,0.6171875,0.84375,0.2265625,145,256,128,0,0,0,0,0,0.000896306504728379,0,0
95,0.63671875,0.845703125,0.208984375,138,256,128,0,0,0,0,0,0.000896306504728379,0,0
96,0.693359375,0.884765625,0.19140625,133,256,128,0,0,0,0,0,0.000896306504728379,0,0
97,0.55859375,0.828125,0.26953125,150,256,128,0,0,0,0,0,0.000896306504728379,0,0
98,0.669921875,0.904296875,0.234375,139,256,128,0,0,0,0,0,0.000896306504728379,0,0
99,0.580078125,0.794921875,0.21484375,160,256,128,0,0,0,0,0,0.000896306504728379,0,0
100,0.697265625,0.892578125,0.1953125,122,256,128,0,0,0,0,0,0.000896306504728379,0,0
101,0.5859375,0.833984375,0.248046875,142,256,128,0,0,0,0,0,0.000896306504728379,0,0
102,0.61328125,0.865234375,0.251953125,145,256,128,0,0,0,0,0,0.000896306504728379,0,0
103,0.70703125,0.94921875,0.2421875,122,256,128,0,0,0,0,0,0.000896306504728379,0,0
104,0.791015625,0.9140625,0.123046875,79,256,128,1,2,2,0,2,0.000896306504728379,0,0
105,0.671875,0.91015625,0.23828125,125,256,128,0,0,0,0,0,0.000896306504728379,0,0
106,0.75,0.947265625,0.197265625,124,256,128,0,0,0,0,0,0.000896306504728379,0,0
107,0.744140625,0.958984375,0.21484375,111,256,128,0,0,0,0,0,0.000896306504728379,0,0
108,0.611328125,0.845703125,0.234375,155,256,128,0,0,0,0,0,0.000896306504728379,0,0
109,0.716796875,0.92578125,0.208984375,135,256,128,0,0,0,0,0,0.000896306504728379,0,0
110,0.73046875,0.94921875,0.21875,128,256,128,0,0,0,0,0,0.000896306504728379,0,0
111,0.59375,0.861328125,0.267578125,148,256,128,0,0,0,0,0,0.000896306504728379,0,0
112,0.533203125,0.814453125,0.28125,145,256,128,0,0,0,0,0,0.000896306504728379,0,0
113,0.646484375,0.88671875,0.240234375,127,256,128,0,0,0,0,0,0.000896306504728379,0,0
114,0.779296875,0.939453125,0.16015625,99,256,128,1,4,4,0,4,0.000896306504728379,0,0
115,0.560546875,0.82421875,0.263671875,153,256,128,0,0,0,0,0,0.000896306504728379,0,0
116,0.63671875,0.857421875,0.220703125,133,256,128,0,0,0,0,0,0.000896306504728379,0,0
117,0.71875,0.884765625,0.166015625,127,256,128,0,0,0,0,0,0.000896306504728379,0,0
118,0.57421875,0.830078125,0.255859375,154,256,128,0,0,0,0,0,0.000896306504728379,0,0
119,0.853515625,0.99609375,0.142578125,91,255,128,0,0,0,0,0,0.000896306504728379,0,0
120,0.654296875,0.841796875,0.1875,127,256,128,0,0,0,0,0,0.000896306504728379,0,0
121,0.671875,0.861328125,0.189453125,121,256,128,0,0,0,0,0,0.000896306504728379,0,0
122,0.583984375,0.806640625,0.22265625,143,256,128,0,0,0,0,0,0.000896306504728379,0,0
123,0.609375,0.80859375,0.19921875,137,256,128,0,0,0,0,0,0.000896306504728379,0,0
124,0.7265625,0.90234375,0.17578125,109,256,128,0,0,0,0,0,0.000896306504728379,0,0
125,0.591796875,0.859375,0.267578125,144,256,128,0,0,0,0,0,0.000896306504728379,0,0
126,0.580078125,0.84375,0.263671875,160,256,128,0,0,0,0,0,0.000896306504728379,0,0
127,0.7578125,0.955078125,0.197265625,117,256,128,0,0,0,0,0,0.000896306504728379,0,0
128,0.8828125,0.994140625,0.111328125,76,256,128,0,0,0,0,0,0.000896306504728379,0,0
129,0.564453125,0.818359375,0.25390625,144,256,128,0,0,0,0,0,0.000896306504728379,0,0
130,0.626953125,0.876953125,0.25,137,256,128,0,0,0,0,0,0.000896306504728379,0,0
131,0.5546875,0.86328125,0.30859375,155,256,128,0,0,0,0,0,0.000896306504728379,0,0
132,0.59765625,0.87109375,0.2734375,133,256,128,0,0,0,0,0,0.000896306504728379,0,0
133,0.69921875,0.8984375,0.19921875,134,256,128,0,0,0,0,0,0.000896306504728379,0,0
134,0.6875,0.91796875,0.23046875,127,256,128,0,0,0,0,0,0.000896306504728379,0,0
135,0.654296875,0.89453125,0.240234375,129,256,128,0,0,0,0,0,0.000896306504728379,0,0
136,0.814453125,0.96484375,0.150390625,91,256,128,1,2,2,0,2,0.000896306504728379,0,0
137,0.654296875,0.84765625,0.193359375,124,256,128,0,0,0,0,0,0.000896306504728379,0,0
138,0.58203125,0.830078125,0.248046875,155,256,128,0,0,0,0,0,0.000896306504728379,0,0
139,0.705078125,0.865234375,0.16015625,116,256,128,0,0,0,0,0,0.000896306504728379,0,0
140,0.759765625,0.9375,0.177734375,120,256,128,0,0,0,0,0,0.000896306504728379,0,0
141,0.7109375,0.97265625,0.26171875,139,256,128,0,0,0,0,0,0.000896306504728379,0,0
142,0.66015625,0.87890625,0.21875,140,256,128,0,0,0,0,0,0.000896306504728379,0,0
143,0.69140625,0.91015625,0.21875,132,256,128,0,0,0,0,0,0.000896306504728379,0,0
144,0.65234375,0.900390625,0.248046875,138,256,128,0,0,0,0,0,0.000896306504728379,0,0
145,0.61328125,0.85546875,0.2421875,135,256,128,0,0,0,0,0,0.000896306504728379,0,0
146,0.701171875,0.890625,0.189453125,122,256,128,0,0,0,0,0,0.000896306504728379,0,0
147,0.615234375,0.85546875,0.240234375,138,256,128,0,0,0,0,0,0.000896306504728379,0,0
148,0.806640625,0.984375,0.177734375,109,256,128,0,0,0,0,0,0.000896306504728379,0,0
149,0.705078125,0.88671875,0.181640625,123,256,128,0,0,0,0,0,0.000896306504728379,0,0
150,0.5625,0.79296875,0.23046875,147,256,128,0,0,0,0,0,0.000896306504728379,0,0
151,0.603515625,0.865234375,0.26171875,154,256,128,0,0,0,0,0,0.000896306504728379,0,0
152,0.6640625,0.830078125,0.166015625,97,256,128,1,4,4,0,4,0.000896306504728379,0,0
153,0.693359375,0.900390625,0.20703125,131,256,128,0,0,0,0,0,0.000896306504728379,0,0
154,0.56640625,0.845703125,0.279296875,136,256,128,0,0,0,0,0,0.000896306504728379,0,0
155,0.61328125,0.890625,0.27734375,148,256,128,0,0,0,0,0,0.000896306504728379,0,0
156,0.798828125,0.935546875,0.13671875,86,256,128,1,2,2,0,2,0.000896306504728379,0,0
157,0.576171875,0.8984375,0.322265625,160,256,128,0,0,0,0,0,0.000896306504728379,0,0
158,0.5625,0.826171875,0.263671875,150,256,128,0,0,0,0,0,0.000896306504728379,0,0
159,0.744140625,0.943359375,0.19921875,116,256,128,0,0,0,0,0,0.000896306504728379,0,0
160,0.6484375,0.892578125,0.244140625,147,256,128,0,0,0,0,0,0.000896306504728379,0,0
161,0.607421875,0.830078125,0.22265625,150,256,128,0,0,0,0,0,0.000896306504728379,0,0
162,0.703125,0.89453125,0.19140625,112,256,128,0,0,0,0,0,0.000896306504728379,0,0
163,0.67578125,0.90234375,0.2265625,144,256,128,0,0,0,0,0,0.000896306504728379,0,0
164,0.658203125,0.869140625,0.2109375,138,256,128,0,0,0,0,0,0.000896306504728379,0,0
165,0.609375,0.853515625,0.244140625,144,256,128,0,0,0,0,0,0.000896306504728379,0,0
166,0.79296875,0.94921875,0.15625,105,256,128,0,0,0,0,0,0.000896306504728379,0,0
167,0.6171875,0.8828125,0.265625,149,256,128,0,0,0,0,0,0.000896306504728379,0,0
168,0.599609375,0.830078125,0.23046875,126,256,128,0,0,0,0,0,0.000896306504728379,0,0
169,0.8515625,0.990234375,0.138671875,73,228,128,1,4,4,0,4,0.000896306504728379,0,0
170,0.734375,0.955078125,0.220703125,103,256,128,0,0,0,0,0,0.000896306504728379,0,0
171,0.72265625,0.927734375,0.205078125,125,256,128,0,0,0,0,0,0.000896306504728379,0,0
172,0.578125,0.830078125,0.251953125,157,256,128,0,0,0,0,0,0.000896306504728379,0,0
173,0.578125,0.8046875,0.2265625,131,256,128,0,0,0,0,0,0.000896306504728379,0,0
174,0.802734375,0.96875,0.166015625,97,256,128,0,0,0,0,0,0.000896306504728379,0,0
175,0.564453125,0.859375,0.294921875,176,256,128,0,0,0,0,0,0.000896306504728379,0,0
176,0.58203125,0.84765625,0.265625,158,256,128,0,0,0,0,0,0.000896306504728379,0,0
177,0.75,0.970703125,0.220703125,116,256,128,0,0,0,0,0,0.000896306504728379,0,0
178,0.703125,0.947265625,0.244140625,131,256,128,0,0,0,0,0,0.000896306504728379,0,0
179,0.5,0.826171875,0.326171875,162,256,128,0,0,0,0,0,0.000896306504728379,0,0
180,0.58984375,0.8203125,0.23046875,143,256,128,0,0,0,0,0,0.000896306504728379,0,0
181,0.50390625,0.779296875,0.275390625,160,256,128,0,0,0,0,0,0.000896306504728379,0,0
182,0.7265625,0.958984375,0.232421875,113,256,128,0,0,0,0,0,0.000896306504728379,0,0
183,0.634765625,0.869140625,0.234375,147,256,128,0,0,0,0,0,0.000896306504728379,0,0
184,0.6484375,0.841796875,0.193359375,142,256,128,0,0,0,0,0,0.000896306504728379,0,0
185,0.72265625,0.947265625,0.224609375,122,256,128,0,0,0,0,0,0.000896306504728379,0,0
186,0.654296875,0.87890625,0.224609375,138,256,128,0,0,0,0,0,0.000896306504728379,0,0
187,0.814453125,0.98046875,0.166015625,94,256,128,0,0,0,0,0,0.000896306504728379,0,0
188,0.65625,0.87890625,0.22265625,135,256,128,0,0,0,0,0,0.000896306504728379,0,0
189,0.525390625,0.7890625,0.263671875,157,256,128,0,0,0,0,0,0.000896306504728379,0,0
190,0.74609375,0.94140625,0.1953125,121,256,128,0,0,0,0,0,0.000896306504728379,0,0
191,0.8125,1.0,0.1875,105,254,127,1,2,2,0,2,0.000896306504728379,0,0
192,0.634765625,0.87890625,0.244140625,151,256,128,0,0,0,0,0,0.000896306504728379,0,0
193,0.654296875,0.892578125,0.23828125,148,256,128,0,0,0,0,0,0.000896306504728379,0,0
194,0.810546875,0.935546875,0.125,82,256,128,0,0,0,0,0,0.000896306504728379,0,0
195,0.59765625,0.865234375,0.267578125,158,256,128,0,0,0,0,0,0.000896306504728379,0,0
196,0.74609375,0.958984375,0.212890625,129,256,128,0,0,0,0,0,0.000896306504728379,0,0
197,0.583984375,0.81640625,0.232421875,135,256,128,0,0,0,0,0,0.000896306504728379,0,0
198,0.619140625,0.916015625,0.296875,152,256,128,0,0,0,0,0,0.000896306504728379,0,0
199,0.712890625,0.921875,0.208984375,124,256,128,0,0,0,0,0,0.000896306504728379,0,0
200,0.59375,0.853515625,0.259765625,145,256,128,0,0,0,0,0,0.000896306504728379,0,0
201,0.72265625,0.908203125,0.185546875,118,256,128,0,0,0,0,0,0.000896306504728379,0,0
202,0.56640625,0.81640625,0.25,123,256,128,1,13,13,1,12,0.000896306504728379,0,0
203,0.63671875,0.9375,0.30078125,152,256,128,0,0,0,0,0,0.000896306504728379,0,0
204,0.513671875,0.74609375,0.232421875,156,256,128,0,0,0,0,0,0.000896306504728379,0,0
205,0.662109375,0.896484375,0.234375,138,256,128,0,0,0,0,0,0.000896306504728379,0,0
206,0.5,0.765625,0.265625,154,256,128,0,0,0,0,0,0.000896306504728379,0,0
207,0.75390625,0.970703125,0.216796875,125,256,128,0,0,0,0,0,0.000896306504728379,0,0
208,0.794921875,0.9765625,0.181640625,101,253,127,1,5,5,0,5,0.000896306504728379,0,0
209,0.68359375,0.90234375,0.21875,124,256,128,0,0,0,0,0,0.000896306504728379,0,0
210,0.810546875,0.974609375,0.1640625,102,256,128,0,0,0,0,0,0.000896306504728379,0,0
211,0.73828125,0.939453125,0.201171875,110,256,128,0,0,0,0,0,0.000896306504728379,0,0
212,0.6015625,0.869140625,0.267578125,151,256,128,0,0,0,0,0,0.000896306504728379,0,0
213,0.830078125,0.978515625,0.1484375,83,256,128,0,0,0,0,0,0.000896306504728379,0,0
214,0.533203125,0.80078125,0.267578125,160,256,128,0,0,0,0,0,0.000896306504728379,0,0
215,0.8125,0.96875,0.15625,99,256,128,0,0,0,0,0,0.000896306504728379,0,0
216,0.58203125,0.818359375,0.236328125,147,256,128,0,0,0,0,0,0.000896306504728379,0,0
217,0.822265625,0.984375,0.162109375,94,256,128,0,0,0,0,0,0.000896306504728379,0,0
218,0.712890625,0.9453125,0.232421875,128,256,128,0,0,0,0,0,0.000896306504728379,0,0
219,0.607421875,0.880859375,0.2734375,146,256,128,0,0,0,0,0,0.000896306504728379,0,0
220,0.474609375,0.734375,0.259765625,161,256,128,0,0,0,0,0,0.000896306504728379,0,0
221,0.564453125,0.748046875,0.18359375,125,256,128,0,0,0,0,0,0.000896306504728379,0,0
222,0.59765625,0.841796875,0.244140625,150,256,128,0,0,0,0,0,0.000896306504728379,0,0
223,0.771484375,0.990234375,0.21875,109,256,128,0,0,0,0,0,0.000896306504728379,0,0
224,0.58984375,0.82421875,0.234375,137,256,128,0,0,0,0,0,0.000896306504728379,0,0
225,0.697265625,0.916015625,0.21875,125,256,128,0,0,0,0,0,0.000896306504728379,0,0
226,0.5625,0.8125,0.25,156,256,128,0,0,0,0,0,0.000896306504728379,0,0
227,0.6484375,0.8984375,0.25,146,256,128,0,0,0,0,0,0.000896306504728379,0,0
228,0.611328125,0.8828125,0.271484375,133,256,128,0,0,0,0,0,0.000896306504728379,0,0
229,0.630859375,0.8828125,0.251953125,149,256,128,0,0,0,0,0,0.000896306504728379,0,0
230,0.60546875,0.8671875,0.26171875,151,256,128,0,0,0,0,0,0.000896306504728379,0,0
231,0.681640625,0.900390625,0.21875,138,256,128,0,0,0,0,0,0.000896306504728379,0,0
232,0.634765625,0.873046875,0.23828125,139,256,128,0,0,0,0,0,0.000896306504728379,0,0
233,0.591796875,0.771484375,0.1796875,117,256,128,0,0,0,0,0,0.000896306504728379,0,0
234,0.54296875,0.837890625,0.294921875,147,256,128,0,0,0,0,0,0.000896306504728379,0,0
235,0.849609375,0.986328125,0.13671875,90,256,128,0,0,0,0,0,0.000896306504728379,0,0
236,0.552734375,0.83203125,0.279296875,157,256,128,0,0,0,0,0,0.000896306504728379,0,0
237,0.712890625,0.873046875,0.16015625,104,256,128,1,8,8,0,8,0.000896306504728379,0,0
238,0.5625,0.833984375,0.271484375,160,256,128,0,0,0,0,0,0.000896306504728379,0,0
239,0.541015625,0.810546875,0.26953125,153,256,128,0,0,0,0,0,0.000896306504728379,0,0
240,0.703125,0.8984375,0.1953125,122,256,128,0,0,0,0,0,0.000896306504728379,0,0
241,0.78125,0.955078125,0.173828125,107,256,128,0,0,0,0,0,0.000896306504728379,0,0
242,0.60546875,0.8359375,0.23046875,154,256,128,0,0,0,0,0,0.000896306504728379,0,0
243,0.65234375,0.826171875,0.173828125,132,256,128,0,0,0,0,0,0.000896306504728379,0,0
244,0.634765625,0.8671875,0.232421875,155,256,128,0,0,0,0,0,0.000896306504728379,0,0
245,0.62890625,0.900390625,0.271484375,139,256,128,0,0,0,0,0,0.000896306504728379,0,0
246,0.64453125,0.8203125,0.17578125,109,256,128,1,8,8,0,8,0.000896306504728379,0,0
247,0.884765625,1.0,0.115234375,71,214,110,3,11,11,0,11,0.000896306504728379,1,0
248,0.826171875,0.9609375,0.134765625,77,256,128,1,3,3,0,3,0.000896306504728379,0,0
249,0.70703125,0.896484375,0.189453125,122,256,128,0,0,0,0,0,0.000896306504728379,0,0
250,0.734375,0.96875,0.234375,116,256,128,0,0,0,0,0,0.000896306504728379,0,0
251,0.521484375,0.802734375,0.28125,149,256,128,0,0,0,0,0,0.000896306504728379,0,0
252,0.60546875,0.8515625,0.24609375,143,256,128,0,0,0,0,0,0.000896306504728379,0,0
253,0.607421875,0.8828125,0.275390625,150,256,128,0,0,0,0,0,0.000896306504728379,0,0
254,0.6484375,0.900390625,0.251953125,141,256,128,0,0,0,0,0,0.000896306504728379,0,0
255,0.494140625,0.796875,0.302734375,163,256,128,0,0,0,0,0,0.000896306504728379,0,0
